[
	{
	"concept": "core:Sequence  and (core:memberOf some core:Cluster)",
	"positives": [
		"http://purl.uniprot.org/uniparc/UPI0014228A8B",
		"http://purl.uniprot.org/uniparc/UPI00142140F6",
		"http://purl.uniprot.org/uniparc/UPI0014229840",
		"http://purl.uniprot.org/uniparc/UPI001422AF41",
		"http://purl.uniprot.org/uniparc/UPI001420CFCF",
		"http://purl.uniprot.org/uniparc/UPI00142064DC",
		"http://purl.uniprot.org/uniparc/UPI0014212610",
		"http://purl.uniprot.org/uniparc/UPI0014209B1A",
		"http://purl.uniprot.org/uniparc/UPI001421CE66",
		"http://purl.uniprot.org/uniparc/UPI0014212A87",
		"http://purl.uniprot.org/uniparc/UPI001420B8B8",
		"http://purl.uniprot.org/uniparc/UPI001420811B",
		"http://purl.uniprot.org/uniparc/UPI001420712D",
		"http://purl.uniprot.org/uniparc/UPI001421D895",
		"http://purl.uniprot.org/uniparc/UPI0014208A96"
	],
	"negatives": [
		"http://purl.uniprot.org/uniparc/UPI000263910C",
		"http://purl.uniprot.org/uniparc/UPI00026372C6",
		"http://purl.uniprot.org/uniparc/UPI000263687C",
		"http://purl.uniprot.org/uniparc/UPI00026365D2",
		"http://purl.uniprot.org/uniparc/UPI001422A543",
		"http://purl.uniprot.org/uniparc/UPI001421D5A2",
		"http://purl.uniprot.org/uniparc/UPI00026396DC",
		"http://purl.uniprot.org/uniparc/UPI0002637CB2",
		"http://purl.uniprot.org/uniparc/UPI00026393F2",
		"http://purl.uniprot.org/uniparc/UPI00026394F6",
		"http://purl.uniprot.org/uniparc/UPI000263779C",
		"http://purl.uniprot.org/uniparc/UPI0002637072",
		"http://purl.uniprot.org/uniparc/UPI00026374A6",
		"http://purl.uniprot.org/uniparc/UPI0002637191",
		"http://purl.uniprot.org/uniparc/UPI00026373CA"
	]
	},
	{
	"concept": "((core:Enzyme or core:Protein or core:Proteome or core:Taxon)  and (core:replaces some core:Protein))  and core:Protein",
	"positives": [
		"http://purl.uniprot.org/uniprot/A0A061CS02",
		"http://purl.uniprot.org/uniprot/A0A244DB47",
		"http://purl.uniprot.org/uniprot/A0A2K4AGA8",
		"http://purl.uniprot.org/uniprot/A0A654E8P6",
		"http://purl.uniprot.org/uniprot/A0A0A6HTE5",
		"http://purl.uniprot.org/uniprot/B6BL03",
		"http://purl.uniprot.org/uniprot/B6VL09",
		"http://purl.uniprot.org/uniprot/A0A236MGK9",
		"http://purl.uniprot.org/uniprot/A0A244DXK5",
		"http://purl.uniprot.org/uniprot/A0A0U1MJJ2",
		"http://purl.uniprot.org/uniprot/A0A084WXZ6",
		"http://purl.uniprot.org/uniprot/A0A244DU41",
		"http://purl.uniprot.org/uniprot/A0A244DJM6",
		"http://purl.uniprot.org/uniprot/A0A244DN05",
		"http://purl.uniprot.org/uniprot/A0A244DEA8"
	],
	"negatives": [
		"http://purl.uniprot.org/enzyme/1.1.1.134",
		"http://purl.uniprot.org/uniprot/A0A024R5H6",
		"http://purl.uniprot.org/enzyme/1.1.1.138",
		"http://purl.uniprot.org/enzyme/1.1.1.159",
		"http://purl.uniprot.org/uniprot/A0A024R582",
		"http://purl.uniprot.org/enzyme/1.1.1.117",
		"http://purl.uniprot.org/uniprot/A0A024R5M3",
		"http://purl.uniprot.org/uniprot/A0A024R5K3",
		"http://purl.uniprot.org/enzyme/1.1.1.120",
		"http://purl.uniprot.org/enzyme/1.1.1.169",
		"http://purl.uniprot.org/uniprot/A0A024R4G8",
		"http://purl.uniprot.org/enzyme/1.1.1.104",
		"http://purl.uniprot.org/enzyme/1.1.1.128",
		"http://purl.uniprot.org/enzyme/1.1.1.17",
		"http://purl.uniprot.org/enzyme/1.1.1.10"
	]
	},
	{
	"concept": "((core:replacedBy some      (core:Enzyme or core:Protein or core:Taxon))  and (core:replacedBy some core:Protein))  and core:Protein",
	"positives": [
		"http://purl.uniprot.org/uniprot/A0A1T5NED2",
		"http://purl.uniprot.org/uniprot/A0A1H6LGN2",
		"http://purl.uniprot.org/uniprot/A0A1H6MVD9",
		"http://purl.uniprot.org/uniprot/A0A1T5L3B8",
		"http://purl.uniprot.org/uniprot/W7VKH5",
		"http://purl.uniprot.org/uniprot/A0A1T5N7H3",
		"http://purl.uniprot.org/uniprot/A0QG33",
		"http://purl.uniprot.org/uniprot/A0A1H6P643",
		"http://purl.uniprot.org/uniprot/A0A1T5LW05",
		"http://purl.uniprot.org/uniprot/A0A1T5KN35",
		"http://purl.uniprot.org/uniprot/A0A1T5NNQ0",
		"http://purl.uniprot.org/uniprot/A0QG87",
		"http://purl.uniprot.org/uniprot/A0A1H6NF54",
		"http://purl.uniprot.org/uniprot/A0A1T5LAU8",
		"http://purl.uniprot.org/uniprot/A0A4Y6LN46"
	],
	"negatives": [
		"http://purl.uniprot.org/uniprot/A0A024R5H1",
		"http://purl.uniprot.org/uniprot/A0A024R5H8",
		"http://purl.uniprot.org/uniprot/A0A024R5H9",
		"http://purl.uniprot.org/enzyme/1.1.99.34",
		"http://purl.uniprot.org/uniprot/A0A024R563",
		"http://purl.uniprot.org/uniprot/A0A024R580",
		"http://purl.uniprot.org/enzyme/1.1.3.1",
		"http://purl.uniprot.org/uniprot/A0A024R4I4",
		"http://purl.uniprot.org/enzyme/1.13.1.8",
		"http://purl.uniprot.org/enzyme/1.13.1.4",
		"http://purl.uniprot.org/enzyme/1.12.99.1",
		"http://purl.uniprot.org/uniprot/A0A024R4G9",
		"http://purl.uniprot.org/enzyme/1.14.20.2",
		"http://purl.uniprot.org/enzyme/1.14.99.42",
		"http://purl.uniprot.org/uniprot/A0A024R4N0"
	]
	},
	{
	"concept": "core:Protein  and (core:representativeFor some core:Cluster)",
	"positives": [
		"http://purl.uniprot.org/uniprot/A0A024R4N7",
		"http://purl.uniprot.org/uniprot/A0A6G9I8B2",
		"http://purl.uniprot.org/uniprot/A0A024R5H8",
		"http://purl.uniprot.org/uniprot/A0A024R6W0",
		"http://purl.uniprot.org/uniprot/A0A024R580",
		"http://purl.uniprot.org/uniprot/A0A024R6S6",
		"http://purl.uniprot.org/uniprot/A0A024R528",
		"http://purl.uniprot.org/uniprot/A0A6F8ZI26",
		"http://purl.uniprot.org/uniprot/A0A6F8ZHC5",
		"http://purl.uniprot.org/uniprot/A0A024R4X0",
		"http://purl.uniprot.org/uniprot/A0A024R4N3",
		"http://purl.uniprot.org/uniprot/A0A024R531",
		"http://purl.uniprot.org/uniprot/A0A024R6R1",
		"http://purl.uniprot.org/uniprot/A0A024R4V7",
		"http://purl.uniprot.org/uniprot/A0A024R4V8"
	],
	"negatives": [
		"http://purl.uniprot.org/uniprot/A0A024R4F5",
		"http://purl.uniprot.org/isoforms/P37136-2",
		"http://purl.uniprot.org/isoforms/P16638-2",
		"http://purl.uniprot.org/uniprot/A0A024R4U3",
		"http://purl.uniprot.org/uniprot/A0A024R4S1",
		"http://purl.uniprot.org/isoforms/P42684-4",
		"http://purl.uniprot.org/isoforms/O00763-3",
		"http://purl.uniprot.org/uniprot/A0A024R4S5",
		"http://purl.uniprot.org/uniprot/A0A024R5K8",
		"http://purl.uniprot.org/isoforms/P13492-2",
		"http://purl.uniprot.org/isoforms/A4II46-2",
		"http://purl.uniprot.org/isoforms/P12821-4",
		"http://purl.uniprot.org/isoforms/P12821-3",
		"http://purl.uniprot.org/uniprot/A0A024R4T4",
		"http://purl.uniprot.org/uniprot/A0A024R576"
	]
	},
	{
	"concept": "((core:Enzyme or core:Protein or core:Taxon)  and (core:replacedBy some core:Enzyme))  and core:Enzyme",
	"positives": [
		"http://purl.uniprot.org/enzyme/1.2.1.55",
		"http://purl.uniprot.org/enzyme/1.1.99.8",
		"http://purl.uniprot.org/enzyme/1.2.1.34",
		"http://purl.uniprot.org/enzyme/1.1.1.n13",
		"http://purl.uniprot.org/enzyme/1.1.98.1",
		"http://purl.uniprot.org/enzyme/1.1.3.25",
		"http://purl.uniprot.org/enzyme/1.1.2.1",
		"http://purl.uniprot.org/enzyme/1.13.1.12",
		"http://purl.uniprot.org/enzyme/1.99.2.5",
		"http://purl.uniprot.org/enzyme/1.13.1.5",
		"http://purl.uniprot.org/enzyme/1.17.98.1",
		"http://purl.uniprot.org/enzyme/1.12.7.1",
		"http://purl.uniprot.org/enzyme/1.99.2.4",
		"http://purl.uniprot.org/enzyme/1.14.20.2",
		"http://purl.uniprot.org/enzyme/1.14.99.40"
	],
	"negatives": [
		"http://purl.uniprot.org/enzyme/1.1.1.176",
		"http://purl.uniprot.org/enzyme/1.1.1.131",
		"http://purl.uniprot.org/enzyme/1.1.1.134",
		"http://purl.uniprot.org/enzyme/1.1.1.179",
		"http://purl.uniprot.org/enzyme/1.1.1.138",
		"http://purl.uniprot.org/enzyme/1.1.1.116",
		"http://purl.uniprot.org/enzyme/1.1.1.1",
		"http://purl.uniprot.org/enzyme/1.1.1.185",
		"http://purl.uniprot.org/enzyme/1.1.1.121",
		"http://purl.uniprot.org/enzyme/1.1.1.166",
		"http://purl.uniprot.org/enzyme/1.1.1.122",
		"http://purl.uniprot.org/enzyme/1.1.1.147",
		"http://purl.uniprot.org/enzyme/1.1.1.149",
		"http://purl.uniprot.org/enzyme/1.1.1.126",
		"http://purl.uniprot.org/enzyme/1.1.1.11"
	]
	},
	{
	"concept": "((core:replacedBy some      (core:Enzyme or core:Protein or core:Taxon))  and (core:replacedBy some core:Enzyme))  and core:Enzyme",
	"positives": [
		"http://purl.uniprot.org/enzyme/1.2.1.55",
		"http://purl.uniprot.org/enzyme/1.1.99.8",
		"http://purl.uniprot.org/enzyme/1.2.1.34",
		"http://purl.uniprot.org/enzyme/1.1.1.n13",
		"http://purl.uniprot.org/enzyme/1.1.98.1",
		"http://purl.uniprot.org/enzyme/1.1.3.25",
		"http://purl.uniprot.org/enzyme/1.1.2.1",
		"http://purl.uniprot.org/enzyme/1.13.1.12",
		"http://purl.uniprot.org/enzyme/1.99.2.5",
		"http://purl.uniprot.org/enzyme/1.13.1.5",
		"http://purl.uniprot.org/enzyme/1.17.98.1",
		"http://purl.uniprot.org/enzyme/1.12.7.1",
		"http://purl.uniprot.org/enzyme/1.99.2.4",
		"http://purl.uniprot.org/enzyme/1.14.20.2",
		"http://purl.uniprot.org/enzyme/1.14.99.40"
	],
	"negatives": [
		"http://purl.uniprot.org/enzyme/1.1.1.132",
		"http://purl.uniprot.org/enzyme/1.1.1.133",
		"http://purl.uniprot.org/uniprot/A0A1T5NKP3",
		"http://purl.uniprot.org/enzyme/1.1.1.117",
		"http://purl.uniprot.org/uniprot/A0A1H6LIW5",
		"http://purl.uniprot.org/enzyme/1.1.1.-",
		"http://purl.uniprot.org/uniprot/A0QHD1",
		"http://purl.uniprot.org/enzyme/1.1.1.163",
		"http://purl.uniprot.org/uniprot/A0A1T5KN35",
		"http://purl.uniprot.org/enzyme/1.1.1.100",
		"http://purl.uniprot.org/uniprot/A0QF64",
		"http://purl.uniprot.org/enzyme/1.1.1.12",
		"http://purl.uniprot.org/enzyme/1.1.1.18",
		"http://purl.uniprot.org/uniprot/A0A4Y6LN46",
		"http://purl.uniprot.org/enzyme/1.1.1.10"
	]
	},
	{
	"concept": "core:Sequence  and (core:seedFor some core:Cluster)",
	"positives": [
		"http://purl.uniprot.org/uniparc/UPI001420ADA9",
		"http://purl.uniprot.org/uniparc/UPI001420ADC1",
		"http://purl.uniprot.org/uniparc/UPI001420B069",
		"http://purl.uniprot.org/uniparc/UPI0014211948",
		"http://purl.uniprot.org/uniparc/UPI001420D9C4",
		"http://purl.uniprot.org/uniparc/UPI001420B293",
		"http://purl.uniprot.org/uniparc/UPI001422445E",
		"http://purl.uniprot.org/uniparc/UPI001420A6DF",
		"http://purl.uniprot.org/uniparc/UPI001420B05A",
		"http://purl.uniprot.org/uniparc/UPI001420B134",
		"http://purl.uniprot.org/uniparc/UPI001421BF4B",
		"http://purl.uniprot.org/uniparc/UPI001421D8AD",
		"http://purl.uniprot.org/uniparc/UPI001420A80C",
		"http://purl.uniprot.org/uniparc/UPI001420ADFE",
		"http://purl.uniprot.org/uniparc/UPI001420AE85"
	],
	"negatives": [
		"http://purl.uniprot.org/uniparc/UPI0014229F18",
		"http://purl.uniprot.org/uniprot/A0A072MXJ1",
		"http://purl.uniprot.org/uniprot/A0A072N6L7",
		"http://purl.uniprot.org/uniprot/A0A017HEM8",
		"http://purl.uniprot.org/uniprot/A0A010ITM3",
		"http://purl.uniprot.org/uniprot/A0A072N103",
		"http://purl.uniprot.org/uniparc/UPI001422A84C",
		"http://purl.uniprot.org/uniprot/A0A072NH05",
		"http://purl.uniprot.org/uniprot/A0A017HHB8",
		"http://purl.uniprot.org/uniprot/A0A072N1C5",
		"http://purl.uniprot.org/uniprot/A0A072N2C0",
		"http://purl.uniprot.org/uniprot/A0A017HG44",
		"http://purl.uniprot.org/uniparc/UPI00026375A2",
		"http://purl.uniprot.org/uniprot/A0A072MYZ6",
		"http://purl.uniprot.org/uniparc/UPI0002636F57"
	]
	},
	{
	"concept": "core:Protein  and (core:enzyme some core:Enzyme)",
	"positives": [
		"http://purl.uniprot.org/uniprot/A0A167XYB4",
		"http://purl.uniprot.org/uniprot/A0A4S2RM78",
		"http://purl.uniprot.org/uniprot/A2Q9Y5",
		"http://purl.uniprot.org/uniprot/A0A5E7GNF1",
		"http://purl.uniprot.org/uniprot/A0A4Y9QGH5",
		"http://purl.uniprot.org/uniprot/A0A2S7CIF0",
		"http://purl.uniprot.org/uniprot/A0A6N6P2I8",
		"http://purl.uniprot.org/uniprot/F7DIL5",
		"http://purl.uniprot.org/uniprot/A0A6N3C2E3",
		"http://purl.uniprot.org/uniprot/A0A0H3M1H6",
		"http://purl.uniprot.org/uniprot/A0QZF2",
		"http://purl.uniprot.org/uniprot/A0A5E7ST43",
		"http://purl.uniprot.org/uniprot/A2RJU2",
		"http://purl.uniprot.org/uniprot/A0A1G5WHC9",
		"http://purl.uniprot.org/uniprot/A0A550GBN9"
	],
	"negatives": [
		"http://purl.uniprot.org/uniprot/A0A024R5J5",
		"http://purl.uniprot.org/uniprot/A0A024R5H3",
		"http://purl.uniprot.org/uniprot/P49327#SIP9FAD5923F566A61B",
		"http://purl.uniprot.org/uniprot/A0A024R4J1",
		"http://purl.uniprot.org/uniprot/A0A024R5H0",
		"http://purl.uniprot.org/uniprot/Q8R0Z2#SIPE432FF0947719303",
		"http://purl.uniprot.org/uniprot/A0A024R4Q4",
		"http://purl.uniprot.org/uniprot/A0A024R5I4",
		"http://purl.uniprot.org/uniprot/A0A024R4M4",
		"http://purl.uniprot.org/uniprot/Q9SYM5#SIP49E72D673AA8B214",
		"http://purl.uniprot.org/uniprot/A0A024R576",
		"http://purl.uniprot.org/uniprot/A0A024R577",
		"http://purl.uniprot.org/uniprot/A0A024R578",
		"http://purl.uniprot.org/uniprot/A0A024R4N0"
	]
	},
	{
	"concept": "((core:Enzyme or core:Protein or core:Taxon)  and (core:replacedBy some core:Protein))  and core:Protein",
	"positives": [
		"http://purl.uniprot.org/uniprot/A0A1T5NED2",
		"http://purl.uniprot.org/uniprot/A0A1H6LGN2",
		"http://purl.uniprot.org/uniprot/A0A1H6MVD9",
		"http://purl.uniprot.org/uniprot/A0A1T5L3B8",
		"http://purl.uniprot.org/uniprot/W7VKH5",
		"http://purl.uniprot.org/uniprot/A0A1T5N7H3",
		"http://purl.uniprot.org/uniprot/A0QG33",
		"http://purl.uniprot.org/uniprot/A0A1H6P643",
		"http://purl.uniprot.org/uniprot/A0A1T5LW05",
		"http://purl.uniprot.org/uniprot/A0A1T5KN35",
		"http://purl.uniprot.org/uniprot/A0A1T5NNQ0",
		"http://purl.uniprot.org/uniprot/A0QG87",
		"http://purl.uniprot.org/uniprot/A0A1H6NF54",
		"http://purl.uniprot.org/uniprot/A0A1T5LAU8",
		"http://purl.uniprot.org/uniprot/A0A4Y6LN46"
	],
	"negatives": [
		"http://purl.uniprot.org/enzyme/1.1.1.131",
		"http://purl.uniprot.org/enzyme/1.1.1.136",
		"http://purl.uniprot.org/uniprot/A0A024R5H7",
		"http://purl.uniprot.org/enzyme/1.1.1.159",
		"http://purl.uniprot.org/uniprot/A0A024R5H9",
		"http://purl.uniprot.org/enzyme/1.1.1.117",
		"http://purl.uniprot.org/uniprot/A0A024R5M9",
		"http://purl.uniprot.org/enzyme/1.1.1.182",
		"http://purl.uniprot.org/enzyme/1.1.1.120",
		"http://purl.uniprot.org/enzyme/1.1.1.169",
		"http://purl.uniprot.org/uniprot/A0A024R4G8",
		"http://purl.uniprot.org/enzyme/1.1.1.104",
		"http://purl.uniprot.org/enzyme/1.1.1.128",
		"http://purl.uniprot.org/enzyme/1.1.1.17",
		"http://purl.uniprot.org/enzyme/1.1.1.10"
	]
	},
	{
	"concept": "core:Protein  and (core:encodedBy some core:Gene)",
	"positives": [
		"http://purl.uniprot.org/uniprot/I4ECR7",
		"http://purl.uniprot.org/uniprot/I4EJT1",
		"http://purl.uniprot.org/uniprot/I4EGR7",
		"http://purl.uniprot.org/uniprot/I4EDL8",
		"http://purl.uniprot.org/uniprot/I4EGL6",
		"http://purl.uniprot.org/uniprot/A0A3T6YVE9",
		"http://purl.uniprot.org/uniprot/I4E7I6",
		"http://purl.uniprot.org/uniprot/I4EEM4",
		"http://purl.uniprot.org/uniprot/A0A767EFG7",
		"http://purl.uniprot.org/uniprot/A0A786KUL0",
		"http://purl.uniprot.org/uniprot/I4EKM9",
		"http://purl.uniprot.org/uniprot/K4VE90",
		"http://purl.uniprot.org/uniprot/I4ELI9",
		"http://purl.uniprot.org/uniprot/I4ECX1",
		"http://purl.uniprot.org/uniprot/I4EFX3"
	],
	"negatives": [
		"http://purl.uniprot.org/uniprot/A0A0B1CJ31",
		"http://purl.uniprot.org/uniprot/A0A026KVH0",
		"http://purl.uniprot.org/uniprot/A0A0B1DFE2",
		"http://purl.uniprot.org/uniprot/A0A0E1ZYT2",
		"http://purl.uniprot.org/uniprot/A0A070GM14",
		"http://purl.uniprot.org/EMBLWGS/EDP7633225",
		"http://purl.uniprot.org/uniprot/A0A025FRG5",
		"http://purl.uniprot.org/uniprot/A0A028AZP9",
		"http://purl.uniprot.org/uniprot/A0A025Z759",
		"http://purl.uniprot.org/EMBLWGS/ECF0332865",
		"http://purl.uniprot.org/EMBLWGS/EDG9099280",
		"http://purl.uniprot.org/EMBLWGS/EBT8559547",
		"http://purl.uniprot.org/uniprot/A0A070Y0V1",
		"http://purl.uniprot.org/EMBLWGS/EDO1203009",
		"http://purl.uniprot.org/EMBLWGS/EFH2524098"
	]
	},
	{
	"concept": "core:Part  and (core:enzyme some core:Enzyme)",
	"positives": [
		"http://purl.uniprot.org/uniprot/A0A256ZK88#SIP48F851C727976C5B",
		"http://purl.uniprot.org/uniprot/A0A497Q9P5#SIP48F851C727976C5B",
		"http://purl.uniprot.org/uniprot/A0B8J7#SIP48F851C727976C5B",
		"http://purl.uniprot.org/uniprot/Q46A53#SIP48F851C727976C5B",
		"http://purl.uniprot.org/uniprot/Q51799#SIP54EB17D268898114",
		"http://purl.uniprot.org/uniprot/Q6L046#SIP48F851C727976C5B",
		"http://purl.uniprot.org/uniprot/A0A2H9M475#SIP48F851C727976C5B",
		"http://purl.uniprot.org/uniprot/A0A1Q9NLE2#SIP48F851C727976C5B",
		"http://purl.uniprot.org/uniprot/A0A3L6JAY4#SIP48F851C727976C5B",
		"http://purl.uniprot.org/uniprot/A0A5C9DT04#SIP48F851C727976C5B",
		"http://purl.uniprot.org/uniprot/Q5V3D9#SIP48F851C727976C5B",
		"http://purl.uniprot.org/uniprot/A0A2D6TI54#SIP4F19454F942629B0",
		"http://purl.uniprot.org/uniprot/A0A524EKG1#SIP48F851C727976C5B",
		"http://purl.uniprot.org/uniprot/A0A7C6H4P0#SIP4F19454F942629B0",
		"http://purl.uniprot.org/uniprot/A0A524MKM0#SIP48F851C727976C5B"
	],
	"negatives": [
		"http://purl.uniprot.org/uniprot/A0A094HG16",
		"http://purl.uniprot.org/uniprot/A0A7C1BZF1#SIPB9F85BB255B909BD",
		"http://purl.uniprot.org/uniprot/A0A4R6YV33",
		"http://purl.uniprot.org/uniprot/A0A497QRM4#SIPB9F85BB255B909BD",
		"http://purl.uniprot.org/uniprot/A0A5N8YR71",
		"http://purl.uniprot.org/uniprot/A0A523VT11#SIPB9F85BB255B909BD",
		"http://purl.uniprot.org/uniprot/A0A1D2R567#SIP48ED11D09BF26724",
		"http://purl.uniprot.org/uniprot/A0A1S8T9E1",
		"http://purl.uniprot.org/uniprot/A0A5B9DDK1#SIP1D3FA766476255DE",
		"http://purl.uniprot.org/uniprot/A0A4Y9M3Q5",
		"http://purl.uniprot.org/uniprot/A0A5B9DC12#SIP078812460C912C23",
		"http://purl.uniprot.org/uniprot/H0TV09",
		"http://purl.uniprot.org/uniprot/A0A5E7ST43",
		"http://purl.uniprot.org/uniprot/A0A5R1QW69",
		"http://purl.uniprot.org/uniprot/A0A524FKL2#SIPB9F85BB255B909BD"
	]
	},
	{
	"concept": "core:Protein  and (core:domain some core:Part)",
	"positives": [
		"http://purl.uniprot.org/uniprot/A0A7C5ZVT1",
		"http://purl.uniprot.org/uniprot/W0I5F0",
		"http://purl.uniprot.org/uniprot/M0E1G7",
		"http://purl.uniprot.org/uniprot/A0A2R6G5X7",
		"http://purl.uniprot.org/uniprot/A0A7C4JQH4",
		"http://purl.uniprot.org/uniprot/A0A1V4TWW4",
		"http://purl.uniprot.org/uniprot/A0A519BV33",
		"http://purl.uniprot.org/uniprot/A0A1Y3GFN7",
		"http://purl.uniprot.org/uniprot/A0A166CPN8",
		"http://purl.uniprot.org/uniprot/A0A1Q7KIS8",
		"http://purl.uniprot.org/uniprot/A0A1D2WT17",
		"http://purl.uniprot.org/uniprot/A0A1M6TA22",
		"http://purl.uniprot.org/uniprot/A0A1N7CLX2",
		"http://purl.uniprot.org/uniprot/V4ZN60",
		"http://purl.uniprot.org/uniprot/A0A7C4DI55"
	],
	"negatives": [
		"http://purl.uniprot.org/uniprot/A0A024R4J8",
		"http://purl.uniprot.org/uniprot/A0A024R5H0",
		"http://purl.uniprot.org/uniprot/A0A024R4N8",
		"http://purl.uniprot.org/uniprot/A0A024R4F9",
		"http://purl.uniprot.org/uniprot/A0A024R4F5",
		"http://purl.uniprot.org/uniprot/A0A024R5H7",
		"http://purl.uniprot.org/uniprot/A0A024R4I5",
		"http://purl.uniprot.org/uniprot/A0A024R4I7",
		"http://purl.uniprot.org/uniprot/A0A024R4K3",
		"http://purl.uniprot.org/uniprot/A0A024R4G8",
		"http://purl.uniprot.org/uniprot/A0A024R571",
		"http://purl.uniprot.org/uniprot/A0A024R570",
		"http://purl.uniprot.org/uniprot/A0A024R5N1",
		"http://purl.uniprot.org/uniprot/A0A024R4L1",
		"http://purl.uniprot.org/uniprot/A0A024R577"
	]
	},
	{
	"concept": "core:Sequence  and (core:sequenceFor some core:Protein)",
	"positives": [
		"http://purl.uniprot.org/uniparc/UPI0002638414",
		"http://purl.uniprot.org/uniparc/UPI000263920E",
		"http://purl.uniprot.org/uniparc/UPI0002636C56",
		"http://purl.uniprot.org/uniparc/UPI000263665B",
		"http://purl.uniprot.org/uniparc/UPI0002637063",
		"http://purl.uniprot.org/uniparc/UPI0002637B37",
		"http://purl.uniprot.org/uniparc/UPI0002638C4B",
		"http://purl.uniprot.org/uniparc/UPI0002636588",
		"http://purl.uniprot.org/uniparc/UPI00026389BC",
		"http://purl.uniprot.org/uniparc/UPI0002637E50",
		"http://purl.uniprot.org/uniparc/UPI0002638344",
		"http://purl.uniprot.org/uniparc/UPI0002637E8F",
		"http://purl.uniprot.org/uniparc/UPI0002638985",
		"http://purl.uniprot.org/uniparc/UPI0002638226",
		"http://purl.uniprot.org/uniparc/UPI0002637551"
	],
	"negatives": [
		"http://purl.uniprot.org/uniparc/UPI001421D071",
		"http://purl.uniprot.org/uniparc/UPI001421E263",
		"http://purl.uniprot.org/uniparc/UPI001421E1BA",
		"http://purl.uniprot.org/uniparc/UPI001421D68D",
		"http://purl.uniprot.org/uniparc/UPI001421E4D4",
		"http://purl.uniprot.org/uniparc/UPI001421DC22",
		"http://purl.uniprot.org/uniparc/UPI001421DC48",
		"http://purl.uniprot.org/uniparc/UPI001421D06D",
		"http://purl.uniprot.org/uniparc/UPI001421DD3B",
		"http://purl.uniprot.org/uniparc/UPI001421D061",
		"http://purl.uniprot.org/uniparc/UPI001421DDCA",
		"http://purl.uniprot.org/uniparc/UPI001421DDED",
		"http://purl.uniprot.org/uniparc/UPI001421CE5A",
		"http://purl.uniprot.org/uniparc/UPI001421CFD0",
		"http://purl.uniprot.org/uniparc/UPI001421D6CC"
	]
	},
	{
	"concept": "(core:replacedBy some      (core:Enzyme or core:Protein or core:Taxon))  and (core:replacedBy some core:Protein)",
	"positives": [
		"http://purl.uniprot.org/uniprot/A0A1H6I3X1",
		"http://purl.uniprot.org/uniprot/W7VKH5",
		"http://purl.uniprot.org/uniprot/A0A1T5LW08",
		"http://purl.uniprot.org/uniprot/A0A1T5N7H3",
		"http://purl.uniprot.org/uniprot/A0A1H6ND49",
		"http://purl.uniprot.org/uniprot/A0A1H6LIW5",
		"http://purl.uniprot.org/uniprot/F6SY25",
		"http://purl.uniprot.org/uniprot/A0A1H6P643",
		"http://purl.uniprot.org/uniprot/A0A1H6PSN3",
		"http://purl.uniprot.org/uniprot/A0A1T5KN35",
		"http://purl.uniprot.org/uniprot/A0A1T5NEQ9",
		"http://purl.uniprot.org/uniprot/A0A4T7XC50",
		"http://purl.uniprot.org/uniprot/A0A1T5LAU8",
		"http://purl.uniprot.org/uniprot/A0A4Y6LN46",
		"http://purl.uniprot.org/uniprot/A0A0K0K1K8"
	],
	"negatives": [
		"http://purl.uniprot.org/enzyme/1.2.1.55",
		"http://purl.uniprot.org/enzyme/1.1.99.8",
		"http://purl.uniprot.org/enzyme/1.2.1.34",
		"http://purl.uniprot.org/enzyme/1.1.1.n13",
		"http://purl.uniprot.org/enzyme/1.1.98.1",
		"http://purl.uniprot.org/enzyme/1.1.3.25",
		"http://purl.uniprot.org/enzyme/1.1.2.1",
		"http://purl.uniprot.org/enzyme/1.13.1.12",
		"http://purl.uniprot.org/enzyme/1.99.2.5",
		"http://purl.uniprot.org/enzyme/1.13.1.5",
		"http://purl.uniprot.org/enzyme/1.17.98.1",
		"http://purl.uniprot.org/enzyme/1.12.7.1",
		"http://purl.uniprot.org/enzyme/1.99.2.4",
		"http://purl.uniprot.org/enzyme/1.14.20.2",
		"http://purl.uniprot.org/enzyme/1.14.99.40"
	]
	},
	{
	"concept": "core:Sequence  and (core:representativeFor some core:Cluster)",
	"positives": [
		"http://purl.uniprot.org/uniparc/UPI001420ADA9",
		"http://purl.uniprot.org/uniparc/UPI001420ADC1",
		"http://purl.uniprot.org/uniparc/UPI001420B520",
		"http://purl.uniprot.org/uniparc/UPI001420B069",
		"http://purl.uniprot.org/uniparc/UPI001420AC0A",
		"http://purl.uniprot.org/uniparc/UPI001420B5A6",
		"http://purl.uniprot.org/uniparc/UPI001420AC79",
		"http://purl.uniprot.org/uniparc/UPI001420B6AB",
		"http://purl.uniprot.org/uniparc/UPI001420A727",
		"http://purl.uniprot.org/uniparc/UPI001420A562",
		"http://purl.uniprot.org/uniparc/UPI001420B478",
		"http://purl.uniprot.org/uniparc/UPI0014224153",
		"http://purl.uniprot.org/uniparc/UPI001420A829",
		"http://purl.uniprot.org/uniparc/UPI001420A4E1",
		"http://purl.uniprot.org/uniparc/UPI001420B5F7"
	],
	"negatives": [
		"http://purl.uniprot.org/uniparc/UPI0014228690",
		"http://purl.uniprot.org/uniparc/UPI00026368A0",
		"http://purl.uniprot.org/uniparc/UPI0014229504",
		"http://purl.uniprot.org/uniprot/A0A017HEM8",
		"http://purl.uniprot.org/uniprot/A0A072N103",
		"http://purl.uniprot.org/uniparc/UPI0002636BA1",
		"http://purl.uniprot.org/uniprot/A0A017HA22",
		"http://purl.uniprot.org/uniparc/UPI00026370D0",
		"http://purl.uniprot.org/uniprot/A0A017HHB8",
		"http://purl.uniprot.org/uniprot/A0A072N1C5",
		"http://purl.uniprot.org/uniprot/A0A072N2C0",
		"http://purl.uniprot.org/uniprot/A0A017HG44",
		"http://purl.uniprot.org/uniparc/UPI00026375A2",
		"http://purl.uniprot.org/uniparc/UPI0002636F57",
		"http://purl.uniprot.org/uniparc/UPI0014227EC8"
	]
	},
	{
	"concept": "core:Protein  and (core:component some core:Part)",
	"positives": [
		"http://purl.uniprot.org/uniprot/A0A537F2K1",
		"http://purl.uniprot.org/uniprot/A0A519U775",
		"http://purl.uniprot.org/uniprot/A0A2U1JJ91",
		"http://purl.uniprot.org/uniprot/A0A7C2GB48",
		"http://purl.uniprot.org/uniprot/A0A5P8E4M8",
		"http://purl.uniprot.org/uniprot/A0A7C2IIS6",
		"http://purl.uniprot.org/uniprot/A0A218PA18",
		"http://purl.uniprot.org/uniprot/A0A522YL24",
		"http://purl.uniprot.org/uniprot/Q12WB8",
		"http://purl.uniprot.org/uniprot/A2BLQ6",
		"http://purl.uniprot.org/uniprot/A0A285ZPU7",
		"http://purl.uniprot.org/uniprot/A0A0F8BBY4",
		"http://purl.uniprot.org/uniprot/A0A6B1BD29",
		"http://purl.uniprot.org/uniprot/A0A6B9YPL9",
		"http://purl.uniprot.org/uniprot/A0A6B1FHG3"
	],
	"negatives": [
		"http://purl.uniprot.org/uniprot/A0A024R4J8",
		"http://purl.uniprot.org/uniprot/A0A024R5H0",
		"http://purl.uniprot.org/uniprot/A0A024R4N8",
		"http://purl.uniprot.org/uniprot/A0A024R4F9",
		"http://purl.uniprot.org/uniprot/A0A024R4F5",
		"http://purl.uniprot.org/uniprot/A0A024R5H7",
		"http://purl.uniprot.org/uniprot/A0A024R4I5",
		"http://purl.uniprot.org/uniprot/A0A024R4I7",
		"http://purl.uniprot.org/uniprot/A0A024R4K3",
		"http://purl.uniprot.org/uniprot/A0A024R4G8",
		"http://purl.uniprot.org/uniprot/A0A024R571",
		"http://purl.uniprot.org/uniprot/A0A024R570",
		"http://purl.uniprot.org/uniprot/A0A024R5N1",
		"http://purl.uniprot.org/uniprot/A0A024R4L1",
		"http://purl.uniprot.org/uniprot/A0A024R577"
	]
	},
	{
	"concept": "core:Protein  and (core:seedFor some core:Cluster)",
	"positives": [
		"http://purl.uniprot.org/uniprot/A0A024R6R9",
		"http://purl.uniprot.org/uniprot/A0A024R5D2",
		"http://purl.uniprot.org/uniprot/A0A024R5H8",
		"http://purl.uniprot.org/uniprot/A0A6F8ZDB3",
		"http://purl.uniprot.org/uniprot/A0A024R540",
		"http://purl.uniprot.org/uniprot/A0A024R580",
		"http://purl.uniprot.org/uniprot/A0A6F8ZGQ0",
		"http://purl.uniprot.org/uniprot/A0A024R529",
		"http://purl.uniprot.org/uniprot/A0A024R728",
		"http://purl.uniprot.org/uniprot/A0A024R595",
		"http://purl.uniprot.org/uniprot/A0A024R4N3",
		"http://purl.uniprot.org/uniprot/A0A024R736",
		"http://purl.uniprot.org/uniprot/A0A024R4X8",
		"http://purl.uniprot.org/uniprot/A0A024R6R1",
		"http://purl.uniprot.org/uniprot/A0A024R512"
	],
	"negatives": [
		"http://purl.uniprot.org/uniparc/UPI0009FDB1DB",
		"http://purl.uniprot.org/uniprot/A0A024R5J8",
		"http://purl.uniprot.org/uniprot/A0A024R5H6",
		"http://purl.uniprot.org/uniprot/A0A024R4F5",
		"http://purl.uniprot.org/uniprot/A0A024R5H9",
		"http://purl.uniprot.org/uniparc/UPI0015C802EA",
		"http://purl.uniprot.org/uniparc/UPI000FD8BDCC",
		"http://purl.uniprot.org/uniparc/UPI0016750921",
		"http://purl.uniprot.org/uniparc/UPI000A04CFEF",
		"http://purl.uniprot.org/uniparc/UPI0009DF6ACA",
		"http://purl.uniprot.org/uniprot/A0A024R5I7",
		"http://purl.uniprot.org/uniprot/A0A024R4E7",
		"http://purl.uniprot.org/uniparc/UPI0013151F5B",
		"http://purl.uniprot.org/uniprot/A0A024R576",
		"http://purl.uniprot.org/uniprot/A0A024R4N0"
	]
	},
	{
	"concept": "(core:replacedBy some      (core:Enzyme or core:Protein or core:Taxon))  and (core:replacedBy some core:Enzyme)",
	"positives": [
		"http://purl.uniprot.org/enzyme/1.2.1.55",
		"http://purl.uniprot.org/enzyme/1.1.99.8",
		"http://purl.uniprot.org/enzyme/1.2.1.34",
		"http://purl.uniprot.org/enzyme/1.1.1.n13",
		"http://purl.uniprot.org/enzyme/1.1.98.1",
		"http://purl.uniprot.org/enzyme/1.1.3.25",
		"http://purl.uniprot.org/enzyme/1.1.2.1",
		"http://purl.uniprot.org/enzyme/1.13.1.12",
		"http://purl.uniprot.org/enzyme/1.99.2.5",
		"http://purl.uniprot.org/enzyme/1.13.1.5",
		"http://purl.uniprot.org/enzyme/1.17.98.1",
		"http://purl.uniprot.org/enzyme/1.12.7.1",
		"http://purl.uniprot.org/enzyme/1.99.2.4",
		"http://purl.uniprot.org/enzyme/1.14.20.2",
		"http://purl.uniprot.org/enzyme/1.14.99.40"
	],
	"negatives": [
		"http://purl.uniprot.org/uniprot/A0A1H6I3X1",
		"http://purl.uniprot.org/uniprot/W7VKH5",
		"http://purl.uniprot.org/uniprot/A0A1T5LW08",
		"http://purl.uniprot.org/uniprot/A0A1T5N7H3",
		"http://purl.uniprot.org/uniprot/A0A1H6ND49",
		"http://purl.uniprot.org/uniprot/A0A1H6LIW5",
		"http://purl.uniprot.org/uniprot/F6SY25",
		"http://purl.uniprot.org/uniprot/A0A1H6P643",
		"http://purl.uniprot.org/uniprot/A0A1H6PSN3",
		"http://purl.uniprot.org/uniprot/A0A1T5KN35",
		"http://purl.uniprot.org/uniprot/A0A1T5NEQ9",
		"http://purl.uniprot.org/uniprot/A0A4T7XC50",
		"http://purl.uniprot.org/uniprot/A0A1T5LAU8",
		"http://purl.uniprot.org/uniprot/A0A4Y6LN46",
		"http://purl.uniprot.org/uniprot/A0A0K0K1K8"
	]
	},
	{
	"concept": "((core:Enzyme or core:Protein or core:Proteome or core:Taxon)  and (core:replaces some core:Enzyme))  and core:Enzyme",
	"positives": [
		"http://purl.uniprot.org/enzyme/1.1.2.7",
		"http://purl.uniprot.org/enzyme/1.1.5.9",
		"http://purl.uniprot.org/enzyme/1.13.11.4",
		"http://purl.uniprot.org/enzyme/1.13.12.16",
		"http://purl.uniprot.org/enzyme/1.1.1.198",
		"http://purl.uniprot.org/enzyme/1.13.11.67",
		"http://purl.uniprot.org/enzyme/1.1.1.86",
		"http://purl.uniprot.org/enzyme/1.1.1.21",
		"http://purl.uniprot.org/enzyme/1.21.3.2",
		"http://purl.uniprot.org/enzyme/1.1.1.365",
		"http://purl.uniprot.org/enzyme/1.2.1.3",
		"http://purl.uniprot.org/enzyme/1.1.1.366",
		"http://purl.uniprot.org/enzyme/1.1.1.303",
		"http://purl.uniprot.org/enzyme/1.1.1.304",
		"http://purl.uniprot.org/enzyme/1.13.11.74"
	],
	"negatives": [
		"http://purl.uniprot.org/enzyme/1.1.1.173",
		"http://purl.uniprot.org/enzyme/1.1.1.178",
		"http://purl.uniprot.org/enzyme/1.1.1.111",
		"http://purl.uniprot.org/enzyme/1.1.1.157",
		"http://purl.uniprot.org/enzyme/1.1.1.135",
		"http://purl.uniprot.org/enzyme/1.1.1.118",
		"http://purl.uniprot.org/enzyme/1.1.1.185",
		"http://purl.uniprot.org/enzyme/1.1.1.140",
		"http://purl.uniprot.org/enzyme/1.1.1.164",
		"http://purl.uniprot.org/enzyme/1.1.1.101",
		"http://purl.uniprot.org/enzyme/1.1.1.103",
		"http://purl.uniprot.org/enzyme/1.1.1.147",
		"http://purl.uniprot.org/enzyme/1.1.1.124",
		"http://purl.uniprot.org/enzyme/1.1.1.104",
		"http://purl.uniprot.org/enzyme/1.1.1.14"
	]
	}

]